Name, Email, Phone
Carmela Kaubischckaubischdv@wikia.com307-726-6526
Carmela Kaubischckaubischdv@wikia.com307-726-6526
Carmela Kaubischckaubischdv@wikia.com307-726-6526
Carmela Kaubischckaubischdv@wikia.com307-726-6526
Carmela Kaubischckaubischdv@wikia.com307-726-6526
Carmela Kaubischckaubischdv@wikia.com307-726-6526
Carmela Kaubischckaubischdv@wikia.com307-726-6526
Carmela Kaubischckaubischdv@wikia.com307-726-6526
Carmela Kaubischckaubischdv@wikia.com307-726-6526
Carmela Kaubischckaubischdv@wikia.com307-726-6526
Carmela Kaubischckaubischdv@wikia.com307-726-6526
Carmela Kaubischckaubischdv@wikia.com307-726-6526
Carmela Kaubischckaubischdv@wikia.com307-726-6526
Carmela Kaubischckaubischdv@wikia.com307-726-6526
Carmela Kaubischckaubischdv@wikia.com307-726-6526
Carmela Kaubischckaubischdv@wikia.com307-726-6526
Carmela Kaubischckaubischdv@wikia.com307-726-6526
Carmela Kaubischckaubischdv@wikia.com307-726-6526
Carmela Kaubischckaubischdv@wikia.com307-726-6526
Carmela Kaubischckaubischdv@wikia.com307-726-6526
Carmela Kaubischckaubischdv@wikia.com307-726-6526
Carmela Kaubischckaubischdv@wikia.com307-726-6526
Carmela Kaubischckaubischdv@wikia.com307-726-6526
Carmela Kaubischckaubischdv@wikia.com307-726-6526
Carmela Kaubischckaubischdv@wikia.com307-726-6526
Carmela Kaubischckaubischdv@wikia.com307-726-6526
Carmela Kaubischckaubischdv@wikia.com307-726-6526
Carmela Kaubischckaubischdv@wikia.com307-726-6526
Carmela Kaubischckaubischdv@wikia.com307-726-6526
Carmela Kaubischckaubischdv@wikia.com307-726-6526
Carmela Kaubischckaubischdv@wikia.com307-726-6526
Carmela Kaubischckaubischdv@wikia.com307-726-6526
Carmela Kaubischckaubischdv@wikia.com307-726-6526
Carmela Kaubischckaubischdv@wikia.com307-726-6526
Carmela Kaubischckaubischdv@wikia.com307-726-6526
Carmela Kaubischckaubischdv@wikia.com307-726-6526
Carmela Kaubischckaubischdv@wikia.com307-726-6526
Carmela Kaubischckaubischdv@wikia.com307-726-6526
Carmela Kaubischckaubischdv@wikia.com307-726-6526
Carmela Kaubischckaubischdv@wikia.com307-726-6526
Carmela Kaubischckaubischdv@wikia.com307-726-6526
Carmela Kaubischckaubischdv@wikia.com307-726-6526
Carmela Kaubischckaubischdv@wikia.com307-726-6526
Carmela Kaubischckaubischdv@wikia.com307-726-6526
Carmela Kaubischckaubischdv@wikia.com307-726-6526
Carmela Kaubischckaubischdv@wikia.com307-726-6526
Carmela Kaubischckaubischdv@wikia.com307-726-6526
Carmela Kaubischckaubischdv@wikia.com307-726-6526
Carmela Kaubischckaubischdv@wikia.com307-726-6526
Carmela Kaubischckaubischdv@wikia.com307-726-6526
Carmela Kaubischckaubischdv@wikia.com307-726-6526
Carmela Kaubischckaubischdv@wikia.com307-726-6526
Carmela Kaubischckaubischdv@wikia.com307-726-6526
Carmela Kaubischckaubischdv@wikia.com307-726-6526
Carmela Kaubischckaubischdv@wikia.com307-726-6526
Carmela Kaubischckaubischdv@wikia.com307-726-6526
Carmela Kaubischckaubischdv@wikia.com307-726-6526
Carmela Kaubischckaubischdv@wikia.com307-726-6526
Carmela Kaubischckaubischdv@wikia.com307-726-6526
Carmela Kaubischckaubischdv@wikia.com307-726-6526
Carmela Kaubischckaubischdv@wikia.com307-726-6526
Carmela Kaubischckaubischdv@wikia.com307-726-6526
Carmela Kaubischckaubischdv@wikia.com307-726-6526
Carmela Kaubischckaubischdv@wikia.com307-726-6526
Carmela Kaubischckaubischdv@wikia.com307-726-6526
Carmela Kaubischckaubischdv@wikia.com307-726-6526
Carmela Kaubischckaubischdv@wikia.com307-726-6526
Carmela Kaubischckaubischdv@wikia.com307-726-6526
Carmela Kaubischckaubischdv@wikia.com307-726-6526
Carmela Kaubischckaubischdv@wikia.com307-726-6526
Carmela Kaubischckaubischdv@wikia.com307-726-6526
Carmela Kaubischckaubischdv@wikia.com307-726-6526
Carmela Kaubischckaubischdv@wikia.com307-726-6526
Carmela Kaubischckaubischdv@wikia.com307-726-6526
Carmela Kaubischckaubischdv@wikia.com307-726-6526
Carmela Kaubischckaubischdv@wikia.com307-726-6526
Carmela Kaubischckaubischdv@wikia.com307-726-6526
Carmela Kaubischckaubischdv@wikia.com307-726-6526
Carmela Kaubischckaubischdv@wikia.com307-726-6526
Carmela Kaubischckaubischdv@wikia.com307-726-6526
Carmela Kaubischckaubischdv@wikia.com307-726-6526
Carmela Kaubischckaubischdv@wikia.com307-726-6526
Carmela Kaubischckaubischdv@wikia.com307-726-6526
Carmela Kaubischckaubischdv@wikia.com307-726-6526
Carmela Kaubischckaubischdv@wikia.com307-726-6526
Carmela Kaubischckaubischdv@wikia.com307-726-6526
Carmela Kaubischckaubischdv@wikia.com307-726-6526
Carmela Kaubischckaubischdv@wikia.com307-726-6526
Carmela Kaubischckaubischdv@wikia.com307-726-6526
Carmela Kaubischckaubischdv@wikia.com307-726-6526
Carmela Kaubischckaubischdv@wikia.com307-726-6526
Carmela Kaubischckaubischdv@wikia.com307-726-6526
Carmela Kaubischckaubischdv@wikia.com307-726-6526
Carmela Kaubischckaubischdv@wikia.com307-726-6526
Carmela Kaubischckaubischdv@wikia.com307-726-6526
Carmela Kaubischckaubischdv@wikia.com307-726-6526
Carmela Kaubischckaubischdv@wikia.com307-726-6526
Carmela Kaubischckaubischdv@wikia.com307-726-6526
Carmela Kaubischckaubischdv@wikia.com307-726-6526
Carmela Kaubischckaubischdv@wikia.com307-726-6526
Carmela Kaubischckaubischdv@wikia.com307-726-6526
Carmela Kaubischckaubischdv@wikia.com307-726-6526
Carmela Kaubischckaubischdv@wikia.com307-726-6526
Carmela Kaubischckaubischdv@wikia.com307-726-6526
Carmela Kaubischckaubischdv@wikia.com307-726-6526
Carmela Kaubischckaubischdv@wikia.com307-726-6526
Carmela Kaubischckaubischdv@wikia.com307-726-6526
Carmela Kaubischckaubischdv@wikia.com307-726-6526
Carmela Kaubischckaubischdv@wikia.com307-726-6526
Carmela Kaubischckaubischdv@wikia.com307-726-6526
Carmela Kaubischckaubischdv@wikia.com307-726-6526
Carmela Kaubischckaubischdv@wikia.com307-726-6526
Carmela Kaubischckaubischdv@wikia.com307-726-6526
Carmela Kaubischckaubischdv@wikia.com307-726-6526
Carmela Kaubischckaubischdv@wikia.com307-726-6526
Carmela Kaubischckaubischdv@wikia.com307-726-6526
Carmela Kaubischckaubischdv@wikia.com307-726-6526
Carmela Kaubischckaubischdv@wikia.com307-726-6526
Carmela Kaubischckaubischdv@wikia.com307-726-6526
Carmela Kaubischckaubischdv@wikia.com307-726-6526
Carmela Kaubischckaubischdv@wikia.com307-726-6526
Carmela Kaubischckaubischdv@wikia.com307-726-6526
Carmela Kaubischckaubischdv@wikia.com307-726-6526
Carmela Kaubischckaubischdv@wikia.com307-726-6526
Carmela Kaubischckaubischdv@wikia.com307-726-6526
Carmela Kaubischckaubischdv@wikia.com307-726-6526
Carmela Kaubischckaubischdv@wikia.com307-726-6526
Carmela Kaubischckaubischdv@wikia.com307-726-6526
Carmela Kaubischckaubischdv@wikia.com307-726-6526
Carmela Kaubischckaubischdv@wikia.com307-726-6526
Carmela Kaubischckaubischdv@wikia.com307-726-6526
Carmela Kaubischckaubischdv@wikia.com307-726-6526
Carmela Kaubischckaubischdv@wikia.com307-726-6526
Carmela Kaubischckaubischdv@wikia.com307-726-6526
Carmela Kaubischckaubischdv@wikia.com307-726-6526
Carmela Kaubischckaubischdv@wikia.com307-726-6526
Carmela Kaubischckaubischdv@wikia.com307-726-6526
Carmela Kaubischckaubischdv@wikia.com307-726-6526
Carmela Kaubischckaubischdv@wikia.com307-726-6526
Carmela Kaubischckaubischdv@wikia.com307-726-6526
Carmela Kaubischckaubischdv@wikia.com307-726-6526
Carmela Kaubischckaubischdv@wikia.com307-726-6526
Carmela Kaubischckaubischdv@wikia.com307-726-6526
Carmela Kaubischckaubischdv@wikia.com307-726-6526
Carmela Kaubischckaubischdv@wikia.com307-726-6526
Carmela Kaubischckaubischdv@wikia.com307-726-6526
Carmela Kaubischckaubischdv@wikia.com307-726-6526
Carmela Kaubischckaubischdv@wikia.com307-726-6526
Carmela Kaubischckaubischdv@wikia.com307-726-6526
Carmela Kaubischckaubischdv@wikia.com307-726-6526
Carmela Kaubischckaubischdv@wikia.com307-726-6526
Carmela Kaubischckaubischdv@wikia.com307-726-6526
Carmela Kaubischckaubischdv@wikia.com307-726-6526
Carmela Kaubischckaubischdv@wikia.com307-726-6526
Carmela Kaubischckaubischdv@wikia.com307-726-6526
Carmela Kaubischckaubischdv@wikia.com307-726-6526
Carmela Kaubischckaubischdv@wikia.com307-726-6526
Carmela Kaubischckaubischdv@wikia.com307-726-6526
Carmela Kaubischckaubischdv@wikia.com307-726-6526
Carmela Kaubischckaubischdv@wikia.com307-726-6526
Carmela Kaubischckaubischdv@wikia.com307-726-6526
Carmela Kaubischckaubischdv@wikia.com307-726-6526
Carmela Kaubischckaubischdv@wikia.com307-726-6526
Carmela Kaubischckaubischdv@wikia.com307-726-6526
Carmela Kaubischckaubischdv@wikia.com307-726-6526
Carmela Kaubischckaubischdv@wikia.com307-726-6526
Carmela Kaubischckaubischdv@wikia.com307-726-6526
Carmela Kaubischckaubischdv@wikia.com307-726-6526
Carmela Kaubischckaubischdv@wikia.com307-726-6526
Carmela Kaubischckaubischdv@wikia.com307-726-6526
Carmela Kaubischckaubischdv@wikia.com307-726-6526
Carmela Kaubischckaubischdv@wikia.com307-726-6526
Carmela Kaubischckaubischdv@wikia.com307-726-6526
Carmela Kaubischckaubischdv@wikia.com307-726-6526
Carmela Kaubischckaubischdv@wikia.com307-726-6526
Carmela Kaubischckaubischdv@wikia.com307-726-6526
Carmela Kaubischckaubischdv@wikia.com307-726-6526
Carmela Kaubischckaubischdv@wikia.com307-726-6526
Carmela Kaubischckaubischdv@wikia.com307-726-6526
Carmela Kaubischckaubischdv@wikia.com307-726-6526
Carmela Kaubischckaubischdv@wikia.com307-726-6526
Carmela Kaubischckaubischdv@wikia.com307-726-6526
Carmela Kaubischckaubischdv@wikia.com307-726-6526
Carmela Kaubischckaubischdv@wikia.com307-726-6526
Carmela Kaubischckaubischdv@wikia.com307-726-6526
Carmela Kaubischckaubischdv@wikia.com307-726-6526
Carmela Kaubischckaubischdv@wikia.com307-726-6526
Carmela Kaubischckaubischdv@wikia.com307-726-6526
Carmela Kaubischckaubischdv@wikia.com307-726-6526
Carmela Kaubischckaubischdv@wikia.com307-726-6526
Carmela Kaubischckaubischdv@wikia.com307-726-6526
Carmela Kaubischckaubischdv@wikia.com307-726-6526
Carmela Kaubischckaubischdv@wikia.com307-726-6526
Carmela Kaubischckaubischdv@wikia.com307-726-6526
Carmela Kaubischckaubischdv@wikia.com307-726-6526
Carmela Kaubischckaubischdv@wikia.com307-726-6526
Carmela Kaubischckaubischdv@wikia.com307-726-6526
Carmela Kaubischckaubischdv@wikia.com307-726-6526
Carmela Kaubischckaubischdv@wikia.com307-726-6526
Carmela Kaubischckaubischdv@wikia.com307-726-6526
Carmela Kaubischckaubischdv@wikia.com307-726-6526
Carmela Kaubischckaubischdv@wikia.com307-726-6526
Carmela Kaubischckaubischdv@wikia.com307-726-6526
Carmela Kaubischckaubischdv@wikia.com307-726-6526
Carmela Kaubischckaubischdv@wikia.com307-726-6526
Carmela Kaubischckaubischdv@wikia.com307-726-6526
Carmela Kaubischckaubischdv@wikia.com307-726-6526
Carmela Kaubischckaubischdv@wikia.com307-726-6526
Carmela Kaubischckaubischdv@wikia.com307-726-6526
Carmela Kaubischckaubischdv@wikia.com307-726-6526
Carmela Kaubischckaubischdv@wikia.com307-726-6526
Carmela Kaubischckaubischdv@wikia.com307-726-6526
Carmela Kaubischckaubischdv@wikia.com307-726-6526
Carmela Kaubischckaubischdv@wikia.com307-726-6526
Carmela Kaubischckaubischdv@wikia.com307-726-6526
Carmela Kaubischckaubischdv@wikia.com307-726-6526
Carmela Kaubischckaubischdv@wikia.com307-726-6526
Carmela Kaubischckaubischdv@wikia.com307-726-6526
Carmela Kaubischckaubischdv@wikia.com307-726-6526
Carmela Kaubischckaubischdv@wikia.com307-726-6526
Carmela Kaubischckaubischdv@wikia.com307-726-6526
Carmela Kaubischckaubischdv@wikia.com307-726-6526
Carmela Kaubischckaubischdv@wikia.com307-726-6526
Carmela Kaubischckaubischdv@wikia.com307-726-6526
Carmela Kaubischckaubischdv@wikia.com307-726-6526
Carmela Kaubischckaubischdv@wikia.com307-726-6526
Carmela Kaubischckaubischdv@wikia.com307-726-6526
Carmela Kaubischckaubischdv@wikia.com307-726-6526
Carmela Kaubischckaubischdv@wikia.com307-726-6526
Carmela Kaubischckaubischdv@wikia.com307-726-6526
Carmela Kaubischckaubischdv@wikia.com307-726-6526
Carmela Kaubischckaubischdv@wikia.com307-726-6526
Carmela Kaubischckaubischdv@wikia.com307-726-6526
Carmela Kaubischckaubischdv@wikia.com307-726-6526
Carmela Kaubischckaubischdv@wikia.com307-726-6526
Carmela Kaubischckaubischdv@wikia.com307-726-6526
Carmela Kaubischckaubischdv@wikia.com307-726-6526
Carmela Kaubischckaubischdv@wikia.com307-726-6526
Carmela Kaubischckaubischdv@wikia.com307-726-6526
Carmela Kaubischckaubischdv@wikia.com307-726-6526
Carmela Kaubischckaubischdv@wikia.com307-726-6526
Carmela Kaubischckaubischdv@wikia.com307-726-6526
Carmela Kaubischckaubischdv@wikia.com307-726-6526
Carmela Kaubischckaubischdv@wikia.com307-726-6526
Carmela Kaubischckaubischdv@wikia.com307-726-6526
Carmela Kaubischckaubischdv@wikia.com307-726-6526
Carmela Kaubischckaubischdv@wikia.com307-726-6526
Carmela Kaubischckaubischdv@wikia.com307-726-6526
Carmela Kaubischckaubischdv@wikia.com307-726-6526
Carmela Kaubischckaubischdv@wikia.com307-726-6526
Carmela Kaubischckaubischdv@wikia.com307-726-6526
Carmela Kaubischckaubischdv@wikia.com307-726-6526
Carmela Kaubischckaubischdv@wikia.com307-726-6526
Carmela Kaubischckaubischdv@wikia.com307-726-6526
Carmela Kaubischckaubischdv@wikia.com307-726-6526
Carmela Kaubischckaubischdv@wikia.com307-726-6526
Carmela Kaubischckaubischdv@wikia.com307-726-6526
Carmela Kaubischckaubischdv@wikia.com307-726-6526
Carmela Kaubischckaubischdv@wikia.com307-726-6526
Carmela Kaubischckaubischdv@wikia.com307-726-6526
Carmela Kaubischckaubischdv@wikia.com307-726-6526
Carmela Kaubischckaubischdv@wikia.com307-726-6526
Carmela Kaubischckaubischdv@wikia.com307-726-6526
Carmela Kaubischckaubischdv@wikia.com307-726-6526
Carmela Kaubischckaubischdv@wikia.com307-726-6526
Carmela Kaubischckaubischdv@wikia.com307-726-6526
Carmela Kaubischckaubischdv@wikia.com307-726-6526
Carmela Kaubischckaubischdv@wikia.com307-726-6526
Carmela Kaubischckaubischdv@wikia.com307-726-6526
Carmela Kaubischckaubischdv@wikia.com307-726-6526
Carmela Kaubischckaubischdv@wikia.com307-726-6526
Carmela Kaubischckaubischdv@wikia.com307-726-6526
Carmela Kaubischckaubischdv@wikia.com307-726-6526
Carmela Kaubischckaubischdv@wikia.com307-726-6526
Carmela Kaubischckaubischdv@wikia.com307-726-6526
Carmela Kaubischckaubischdv@wikia.com307-726-6526
Carmela Kaubischckaubischdv@wikia.com307-726-6526
Carmela Kaubischckaubischdv@wikia.com307-726-6526
Carmela Kaubischckaubischdv@wikia.com307-726-6526
Carmela Kaubischckaubischdv@wikia.com307-726-6526
Carmela Kaubischckaubischdv@wikia.com307-726-6526
Carmela Kaubischckaubischdv@wikia.com307-726-6526
Carmela Kaubischckaubischdv@wikia.com307-726-6526
Carmela Kaubischckaubischdv@wikia.com307-726-6526
Carmela Kaubischckaubischdv@wikia.com307-726-6526
Carmela Kaubischckaubischdv@wikia.com307-726-6526
Carmela Kaubischckaubischdv@wikia.com307-726-6526
Carmela Kaubischckaubischdv@wikia.com307-726-6526
Carmela Kaubischckaubischdv@wikia.com307-726-6526
Carmela Kaubischckaubischdv@wikia.com307-726-6526
Carmela Kaubischckaubischdv@wikia.com307-726-6526
Carmela Kaubischckaubischdv@wikia.com307-726-6526
Carmela Kaubischckaubischdv@wikia.com307-726-6526
Carmela Kaubischckaubischdv@wikia.com307-726-6526
Carmela Kaubischckaubischdv@wikia.com307-726-6526
Carmela Kaubischckaubischdv@wikia.com307-726-6526
Carmela Kaubischckaubischdv@wikia.com307-726-6526
Carmela Kaubischckaubischdv@wikia.com307-726-6526
Carmela Kaubischckaubischdv@wikia.com307-726-6526
Carmela Kaubischckaubischdv@wikia.com307-726-6526
Carmela Kaubischckaubischdv@wikia.com307-726-6526
Carmela Kaubischckaubischdv@wikia.com307-726-6526
Carmela Kaubischckaubischdv@wikia.com307-726-6526
Carmela Kaubischckaubischdv@wikia.com307-726-6526
Carmela Kaubischckaubischdv@wikia.com307-726-6526
Carmela Kaubischckaubischdv@wikia.com307-726-6526
Carmela Kaubischckaubischdv@wikia.com307-726-6526
Carmela Kaubischckaubischdv@wikia.com307-726-6526
Carmela Kaubischckaubischdv@wikia.com307-726-6526
Carmela Kaubischckaubischdv@wikia.com307-726-6526
Carmela Kaubischckaubischdv@wikia.com307-726-6526
Carmela Kaubischckaubischdv@wikia.com307-726-6526
Carmela Kaubischckaubischdv@wikia.com307-726-6526
Carmela Kaubischckaubischdv@wikia.com307-726-6526
Carmela Kaubischckaubischdv@wikia.com307-726-6526
Carmela Kaubischckaubischdv@wikia.com307-726-6526
Carmela Kaubischckaubischdv@wikia.com307-726-6526
Carmela Kaubischckaubischdv@wikia.com307-726-6526
Carmela Kaubischckaubischdv@wikia.com307-726-6526
Carmela Kaubischckaubischdv@wikia.com307-726-6526
Carmela Kaubischckaubischdv@wikia.com307-726-6526
Carmela Kaubischckaubischdv@wikia.com307-726-6526
Carmela Kaubischckaubischdv@wikia.com307-726-6526
Carmela Kaubischckaubischdv@wikia.com307-726-6526
Carmela Kaubischckaubischdv@wikia.com307-726-6526
Carmela Kaubischckaubischdv@wikia.com307-726-6526
Carmela Kaubischckaubischdv@wikia.com307-726-6526
Carmela Kaubischckaubischdv@wikia.com307-726-6526
Carmela Kaubischckaubischdv@wikia.com307-726-6526
Carmela Kaubischckaubischdv@wikia.com307-726-6526
Carmela Kaubischckaubischdv@wikia.com307-726-6526
Carmela Kaubischckaubischdv@wikia.com307-726-6526
Carmela Kaubischckaubischdv@wikia.com307-726-6526
Carmela Kaubischckaubischdv@wikia.com307-726-6526
Carmela Kaubischckaubischdv@wikia.com307-726-6526
Carmela Kaubischckaubischdv@wikia.com307-726-6526
Carmela Kaubischckaubischdv@wikia.com307-726-6526
Carmela Kaubischckaubischdv@wikia.com307-726-6526
Carmela Kaubischckaubischdv@wikia.com307-726-6526
Carmela Kaubischckaubischdv@wikia.com307-726-6526
Carmela Kaubischckaubischdv@wikia.com307-726-6526
Carmela Kaubischckaubischdv@wikia.com307-726-6526
Carmela Kaubischckaubischdv@wikia.com307-726-6526
Carmela Kaubischckaubischdv@wikia.com307-726-6526
Carmela Kaubischckaubischdv@wikia.com307-726-6526
Carmela Kaubischckaubischdv@wikia.com307-726-6526
Carmela Kaubischckaubischdv@wikia.com307-726-6526
Carmela Kaubischckaubischdv@wikia.com307-726-6526
Carmela Kaubischckaubischdv@wikia.com307-726-6526
Carmela Kaubischckaubischdv@wikia.com307-726-6526
Carmela Kaubischckaubischdv@wikia.com307-726-6526
Carmela Kaubischckaubischdv@wikia.com307-726-6526
Carmela Kaubischckaubischdv@wikia.com307-726-6526
Carmela Kaubischckaubischdv@wikia.com307-726-6526
Carmela Kaubischckaubischdv@wikia.com307-726-6526
Carmela Kaubischckaubischdv@wikia.com307-726-6526
Carmela Kaubischckaubischdv@wikia.com307-726-6526
Carmela Kaubischckaubischdv@wikia.com307-726-6526
Carmela Kaubischckaubischdv@wikia.com307-726-6526
Carmela Kaubischckaubischdv@wikia.com307-726-6526
Carmela Kaubischckaubischdv@wikia.com307-726-6526
Carmela Kaubischckaubischdv@wikia.com307-726-6526
Carmela Kaubischckaubischdv@wikia.com307-726-6526
Carmela Kaubischckaubischdv@wikia.com307-726-6526
Carmela Kaubischckaubischdv@wikia.com307-726-6526
Carmela Kaubischckaubischdv@wikia.com307-726-6526
Carmela Kaubischckaubischdv@wikia.com307-726-6526
Carmela Kaubischckaubischdv@wikia.com307-726-6526
Carmela Kaubischckaubischdv@wikia.com307-726-6526
Carmela Kaubischckaubischdv@wikia.com307-726-6526
Carmela Kaubischckaubischdv@wikia.com307-726-6526
Carmela Kaubischckaubischdv@wikia.com307-726-6526
Carmela Kaubischckaubischdv@wikia.com307-726-6526
Carmela Kaubischckaubischdv@wikia.com307-726-6526
Carmela Kaubischckaubischdv@wikia.com307-726-6526
Carmela Kaubischckaubischdv@wikia.com307-726-6526
Carmela Kaubischckaubischdv@wikia.com307-726-6526
Carmela Kaubischckaubischdv@wikia.com307-726-6526
Carmela Kaubischckaubischdv@wikia.com307-726-6526
Carmela Kaubischckaubischdv@wikia.com307-726-6526
Carmela Kaubischckaubischdv@wikia.com307-726-6526
Carmela Kaubischckaubischdv@wikia.com307-726-6526
Carmela Kaubischckaubischdv@wikia.com307-726-6526
Carmela Kaubischckaubischdv@wikia.com307-726-6526
Carmela Kaubischckaubischdv@wikia.com307-726-6526
Carmela Kaubischckaubischdv@wikia.com307-726-6526
Carmela Kaubischckaubischdv@wikia.com307-726-6526
Carmela Kaubischckaubischdv@wikia.com307-726-6526
Carmela Kaubischckaubischdv@wikia.com307-726-6526
Carmela Kaubischckaubischdv@wikia.com307-726-6526
Carmela Kaubischckaubischdv@wikia.com307-726-6526
Carmela Kaubischckaubischdv@wikia.com307-726-6526
Carmela Kaubischckaubischdv@wikia.com307-726-6526
Carmela Kaubischckaubischdv@wikia.com307-726-6526
Carmela Kaubischckaubischdv@wikia.com307-726-6526
Carmela Kaubischckaubischdv@wikia.com307-726-6526
Carmela Kaubischckaubischdv@wikia.com307-726-6526
Carmela Kaubischckaubischdv@wikia.com307-726-6526
Carmela Kaubischckaubischdv@wikia.com307-726-6526
Carmela Kaubischckaubischdv@wikia.com307-726-6526
Carmela Kaubischckaubischdv@wikia.com307-726-6526
Carmela Kaubischckaubischdv@wikia.com307-726-6526
Carmela Kaubischckaubischdv@wikia.com307-726-6526
Carmela Kaubischckaubischdv@wikia.com307-726-6526
Carmela Kaubischckaubischdv@wikia.com307-726-6526
Carmela Kaubischckaubischdv@wikia.com307-726-6526
Carmela Kaubischckaubischdv@wikia.com307-726-6526
Carmela Kaubischckaubischdv@wikia.com307-726-6526
Carmela Kaubischckaubischdv@wikia.com307-726-6526
Carmela Kaubischckaubischdv@wikia.com307-726-6526
Carmela Kaubischckaubischdv@wikia.com307-726-6526
Carmela Kaubischckaubischdv@wikia.com307-726-6526
Carmela Kaubischckaubischdv@wikia.com307-726-6526
Carmela Kaubischckaubischdv@wikia.com307-726-6526
Carmela Kaubischckaubischdv@wikia.com307-726-6526
Carmela Kaubischckaubischdv@wikia.com307-726-6526
Carmela Kaubischckaubischdv@wikia.com307-726-6526
Carmela Kaubischckaubischdv@wikia.com307-726-6526
Carmela Kaubischckaubischdv@wikia.com307-726-6526
Carmela Kaubischckaubischdv@wikia.com307-726-6526
Carmela Kaubischckaubischdv@wikia.com307-726-6526
Carmela Kaubischckaubischdv@wikia.com307-726-6526
Carmela Kaubischckaubischdv@wikia.com307-726-6526
Carmela Kaubischckaubischdv@wikia.com307-726-6526
Carmela Kaubischckaubischdv@wikia.com307-726-6526
Carmela Kaubischckaubischdv@wikia.com307-726-6526
Carmela Kaubischckaubischdv@wikia.com307-726-6526
Carmela Kaubischckaubischdv@wikia.com307-726-6526
Carmela Kaubischckaubischdv@wikia.com307-726-6526
Carmela Kaubischckaubischdv@wikia.com307-726-6526
Carmela Kaubischckaubischdv@wikia.com307-726-6526
Carmela Kaubischckaubischdv@wikia.com307-726-6526
Carmela Kaubischckaubischdv@wikia.com307-726-6526
Carmela Kaubischckaubischdv@wikia.com307-726-6526
Carmela Kaubischckaubischdv@wikia.com307-726-6526
Carmela Kaubischckaubischdv@wikia.com307-726-6526
Carmela Kaubischckaubischdv@wikia.com307-726-6526
Carmela Kaubischckaubischdv@wikia.com307-726-6526
Carmela Kaubischckaubischdv@wikia.com307-726-6526
Carmela Kaubischckaubischdv@wikia.com307-726-6526
Carmela Kaubischckaubischdv@wikia.com307-726-6526
Carmela Kaubischckaubischdv@wikia.com307-726-6526
Carmela Kaubischckaubischdv@wikia.com307-726-6526
Carmela Kaubischckaubischdv@wikia.com307-726-6526
Carmela Kaubischckaubischdv@wikia.com307-726-6526
Carmela Kaubischckaubischdv@wikia.com307-726-6526
Carmela Kaubischckaubischdv@wikia.com307-726-6526
Carmela Kaubischckaubischdv@wikia.com307-726-6526
Carmela Kaubischckaubischdv@wikia.com307-726-6526
Carmela Kaubischckaubischdv@wikia.com307-726-6526
Carmela Kaubischckaubischdv@wikia.com307-726-6526
Carmela Kaubischckaubischdv@wikia.com307-726-6526
Carmela Kaubischckaubischdv@wikia.com307-726-6526
Carmela Kaubischckaubischdv@wikia.com307-726-6526
Carmela Kaubischckaubischdv@wikia.com307-726-6526
Carmela Kaubischckaubischdv@wikia.com307-726-6526
Carmela Kaubischckaubischdv@wikia.com307-726-6526
Carmela Kaubischckaubischdv@wikia.com307-726-6526
Carmela Kaubischckaubischdv@wikia.com307-726-6526
Carmela Kaubischckaubischdv@wikia.com307-726-6526
Carmela Kaubischckaubischdv@wikia.com307-726-6526
Carmela Kaubischckaubischdv@wikia.com307-726-6526
Carmela Kaubischckaubischdv@wikia.com307-726-6526
Carmela Kaubischckaubischdv@wikia.com307-726-6526
Carmela Kaubischckaubischdv@wikia.com307-726-6526
Carmela Kaubischckaubischdv@wikia.com307-726-6526
Carmela Kaubischckaubischdv@wikia.com307-726-6526
Carmela Kaubischckaubischdv@wikia.com307-726-6526
Carmela Kaubischckaubischdv@wikia.com307-726-6526
Carmela Kaubischckaubischdv@wikia.com307-726-6526
Carmela Kaubischckaubischdv@wikia.com307-726-6526
Carmela Kaubischckaubischdv@wikia.com307-726-6526
Carmela Kaubischckaubischdv@wikia.com307-726-6526
Carmela Kaubischckaubischdv@wikia.com307-726-6526
Carmela Kaubischckaubischdv@wikia.com307-726-6526
Carmela Kaubischckaubischdv@wikia.com307-726-6526
Carmela Kaubischckaubischdv@wikia.com307-726-6526
Carmela Kaubischckaubischdv@wikia.com307-726-6526
Carmela Kaubischckaubischdv@wikia.com307-726-6526
Carmela Kaubischckaubischdv@wikia.com307-726-6526
Carmela Kaubischckaubischdv@wikia.com307-726-6526
Carmela Kaubischckaubischdv@wikia.com307-726-6526
Carmela Kaubischckaubischdv@wikia.com307-726-6526
Carmela Kaubischckaubischdv@wikia.com307-726-6526
Carmela Kaubischckaubischdv@wikia.com307-726-6526
Carmela Kaubischckaubischdv@wikia.com307-726-6526
Carmela Kaubischckaubischdv@wikia.com307-726-6526
Carmela Kaubischckaubischdv@wikia.com307-726-6526
Carmela Kaubischckaubischdv@wikia.com307-726-6526
Carmela Kaubischckaubischdv@wikia.com307-726-6526
Carmela Kaubischckaubischdv@wikia.com307-726-6526
Carmela Kaubischckaubischdv@wikia.com307-726-6526
Carmela Kaubischckaubischdv@wikia.com307-726-6526
Carmela Kaubischckaubischdv@wikia.com307-726-6526
Carmela Kaubischckaubischdv@wikia.com307-726-6526
Carmela Kaubischckaubischdv@wikia.com307-726-6526
Carmela Kaubischckaubischdv@wikia.com307-726-6526
Carmela Kaubischckaubischdv@wikia.com307-726-6526
Carmela Kaubischckaubischdv@wikia.com307-726-6526
Carmela Kaubischckaubischdv@wikia.com307-726-6526
